{
 "model" : 
	[
		{
			"indices" : 
				[3,0,1,1,2,3,7,4,5,5,6,7,
				 11,8,9,9,10,11,15,12,13,
				 13,14,15,19,16,17,17,18,
				 19,23,20,21,21,22,23],
			"position" : 
				[0,2,2,1, 0,0,2,1, 2,0,2,1, 
				 2,2,2,1, 2,2,0,1, 2,0,0,1, 
				 0,0,0,1, 0,2,0,1, 2,2,2,1, 
				 2,0,2,1, 2,0,0,1, 2,2,0,1, 
				 0,2,0,1, 0,2,2,1, 2,2,2,1, 
				 2,2,0,1, 0,2,0,1, 0,0,0,1, 
				 0,0,2,1, 0,2,2,1, 0,0,2,1, 
				 0,0,0,1, 2,0,0,1, 2,0,2,1],
			"normal" : 
				[0,0,1, 0,0,1, 0,0,1, 
				 0,0,1, 0,0,-1, 0,0,-1, 
				 0,0,-1, 0,0,-1, 1,0,0, 
				 1,0,0, 1,0,0, 1,0,0, 
				 0,1,0, 0,1,0, 0,1,0, 
				 0,1,0, -1,0,0, -1,0,0, 
				 -1,0,0, -1,0,0, 0,-1,0, 
				 0,-1,0, 0,-1,0, 0,-1,0],
			"texCoord" : 
				[0,1, 0,0, 1,0, 1,1, 0,1, 0,0, 
				1,0, 1,1, 0,1, 0,0, 1,0, 1,1, 
				0,1, 0,0, 1,0, 1,1, 0,1, 0,0, 
				1,0, 1,1, 0,1, 0,0, 1,0, 1,1],
			"material" : 
				{"texture" : "crate.jpg" ,
				 "diffuse" : [0.827451,0.792157,0.772549,1],
				 "specular" : [0,0,0,1],
				 "shininess" : 128},
			"boundingBox" : 
				[0,0,0,2,2,2]

		}
	],   
	"boundingBox":
		[0,0,0,2,2,2] 
}